{"R_c2ev": [[0.9985074606036277, 0.007784981507271185, -0.05405779482948148], [-0.005282217959488281, 0.9989141981217461, 0.04628739530603714], [0.05435944529079862, -0.045932764490288804, 0.9974644012965858]], "t_c2ev": [57.596062498957245, 13.192697949458625, -32.01496431043104]}