{
    "camera_matrix": [
        [
            1042.3309112469587,
            0.0,
            595.3899877295297
        ],
        [
            0.0,
            1041.6183912083761,
            405.7288701295575
        ],
        [
            0.0,
            0.0,
            1.0
        ]
    ],
    "avg_reprojection_error": 0.33365487573970987,
    "distortion_coefficients": [
        [
            -0.4431342043211787,
            0.2566073421528275,
            -0.0010840794119899013,
            0.000642132734374629,
            -0.09371492236487051
        ]
    ],
    "img_size": [
        1280,
        720
    ],
    "calibration_time": "Fri Oct 21 17:16:20 2022"
}