{
    "camera_matrix": [
        [
            930.636474609375,
            0.0,
            635.019287109375
        ],
        [
            0.0,
            931.012268066406,
            371.539794921875
        ],
        [
            0.0,
            0.0,
            1.0
        ]
    ],
    "depth_camera_matrix": [
        [
            648.05554199,
            0.0,
            642.40722656
        ],
        [
            0.0,
            648.05554199,
            355.73065186
        ],
        [
            0.0,
            0.0,
            1.0
        ]
    ],
    "Rt_d2col": [
        [
            0.999873161,
            0.013906775,
            -0.00776280044,
            0.0148600759
        ],
        [
            -0.0138924476,
            0.999901712,
            0.00189651176,
            0.000329243048
        ],
        [
            0.00778841181,
            -0.00178842689,
            0.999968052,
            0.000142869132
        ],
        [
            0.0,
            0.0,
            0.0,
            1.0
        ]
    ],
    "distortion_coefficients": [0, 0, 0, 0],
    "img_size": [
        1280,
        720
    ]
}