{"fx": 930.636474609375, "fy": 931.012268066406, "cx": 635.019287109375, "cy": 371.539794921875, "width": 1280, "height": 720, "depth_scale": 1}